{
  "instructions": "This file maps YouTube video IDs to Why Racing Events. Use the 'recommended' object to get the best/most recent video for each event page. Replit can use this to automatically embed videos.",
  
  "recommended": {
    "resolution-run": "H2-JU2Ecbwk",
    "couve-clover-run": "Aie0l01xdEo",
    "scary-run": "SeQPaiJq5m4",
    "girlfriends-half": "Sv7Jbv3KmUI",
    "girlfriends-triathlon": "Xyw1grMebBU",
    "appletree-marathon": "mE4_HwfBF5A",
    "pdx-triathlon-festival": "9mmcNae_wWM",
    "columbia-river-tri": "-LkzH5t9olc",
    "hagg-lake-triathlon": "awwHxi1RWxw",
    "pacific-crest-endurance": "wHimt83Bqn4",
    "pacific-coast-running": "G8O9NgwJINU",
    "reflection-run": "7pEbGYuAb9A",
    "spring-classic": "TkcKlNQ7EwE",
    "homepage": "7YWVNrcVr_s"
  },

  "allVideos": {
    "resolution-run": ["H2-JU2Ecbwk", "-jbyNuDteqo", "N5dHlF13_xc"],
    "couve-clover-run": ["Aie0l01xdEo", "YlJ5Vn_G6_A", "gunTxfjat9g", "LjPPU2Gorvw", "aOuA8ShrXO8", "rVMIKGS4R88"],
    "scary-run": ["SeQPaiJq5m4", "-v_I8dhvFGw", "kRTdoSe2RG4", "cKJhqhFMrzc", "fFZ3RkLb3qI", "LyfeKPDL02Q", "4iMkfcIUUuo"],
    "girlfriends-half": ["Sv7Jbv3KmUI", "8UyDNNuzv0U"],
    "girlfriends-triathlon": ["Xyw1grMebBU", "rnhCAbLTe6Y", "jien5L9R8Gg", "EpXa7Wjdits", "FTM5BDBLY44", "4hJRb-VPXYw", "dSm5cFa0fyk", "YHLMM0p8w44"],
    "appletree-marathon": ["mE4_HwfBF5A", "3dcNNvNBP54", "yDZp8wmEKuo", "_vR23fLDUlQ", "U7Fz-BG9cCM", "O2kaANlOJes"],
    "pdx-triathlon-festival": ["9mmcNae_wWM", "gzw6ZPEzuDk", "lJETAaSu_eI", "D6YKSqntR0I", "ZqXlMy7QUIk", "wpoNi5RboB0", "9lOruft3Qc4", "mF-udIAkwAA"],
    "columbia-river-tri": ["-LkzH5t9olc", "W80v7E2PDUw", "WJph-MTr0RE", "2g6T4TZUVpM", "lwe26to2zL4"],
    "hagg-lake-triathlon": ["awwHxi1RWxw", "hWPstxKukN0", "LtRO_xhc5Es", "hdH8Hmydmh0", "ddpWlMuWDOY", "TaAkNVxTHbw", "IAE2ohEONd8", "VaG3lJ7sBew", "7P1o0F_ZUSQ"],
    "pacific-crest-endurance": ["wHimt83Bqn4", "kY_faw7N78Q", "AGprwqRqOuA", "bZBqbG7hB78", "Ua8bOxJ8O5M", "FJ_BrmiaLnM", "af2pVE7okPI", "Rc1tWWv-kLM"],
    "pacific-coast-running": ["G8O9NgwJINU"],
    "reflection-run": ["7pEbGYuAb9A", "C5Cq0MEFK0w", "Fdg1ST3cBRU"],
    "spring-classic": ["TkcKlNQ7EwE", "3bwNvPuZdDM", "8F1Nt8D_67w", "USYsX3ZGZPI", "Hmvb7vaYujA", "PZXa1RlzF_E"]
  },

  "noVideosYet": [
    "santas-holiday-hustle",
    "bigfoot-5k-10k",
    "battle-to-pacific",
    "silver-falls-trail",
    "stub-stewart-trail",
    "white-river-snowshoe",
    "crown-stub-100",
    "hellz-bellz-ultra"
  ],

  "embedTemplate": "<section class=\"video-section\"><h2>🎬 See The Experience</h2><p class=\"video-subtitle\">Watch what makes EVENT_NAME an unforgettable race day</p><div class=\"video-container\"><iframe src=\"https://www.youtube.com/embed/VIDEO_ID\" title=\"EVENT_NAME - Why Racing Events\" allow=\"accelerometer; autoplay; clipboard-write; encrypted-media; gyroscope; picture-in-picture; web-share\" allowfullscreen></iframe></div><div class=\"video-cta\"><a href=\"https://www.youtube.com/@WhyRacingEvents\" target=\"_blank\"><i class=\"fab fa-youtube\"></i> Watch More Videos</a></div></section>",

  "cssToAdd": ".video-section { background: linear-gradient(135deg, #f8f9fa 0%, white 100%); padding: 60px 5%; text-align: center; } .video-section h2 { font-size: 2rem; color: var(--brand-blue, #00205B); margin-bottom: 15px; } .video-section .video-subtitle { color: #666; margin-bottom: 30px; font-size: 1.1rem; } .video-container { max-width: 800px; margin: 0 auto; position: relative; padding-bottom: 56.25%; height: 0; overflow: hidden; border-radius: 12px; box-shadow: 0 10px 40px rgba(0, 32, 91, 0.15); } .video-container iframe { position: absolute; top: 0; left: 0; width: 100%; height: 100%; border: none; } .video-cta { margin-top: 30px; } .video-cta a { display: inline-block; background: var(--brand-red, #E31837); color: white; padding: 14px 32px; font-weight: 700; text-transform: uppercase; border-radius: 4px; font-size: 14px; transition: 0.3s; } .video-cta a:hover { transform: translateY(-2px); box-shadow: 0 6px 25px rgba(227, 24, 55, 0.4); }"
}
